1,企业,118
2,疫情,116
3,中国,68
4,社会,61
5,服务,48
6,公益,43
7,工作,41
8,基金会,41
9,组织,38
10,提供,38
11,防控,37
12,协会,36
13,抗疫,35
14,心理,35
15,中小,32
16,社区,29
17,新冠,28
18,项目,28
19,肺炎,27
20,行动,27
21,工作者,26
22,人员,25
23,会员,25
24,保障,24
25,北京,24
26,发展,24
27,物资,23
28,联合,22
29,通过,22
30,他们,22
31,做好,21
32,进行,21
33,防疫,21
34,国际,20
35,问题,20
36,志愿者,20
37,共同,20
38,支持,19
39,机构,19
40,全国,19
41,政府,19
42,复工,19
43,全球,19
44,期间,18
45,活动,18
46,湖北,18
47,国家,18
48,行业协会,18
49,落实,17
50,专业,17
51,关爱,17
52,同时,16
53,培训,16
54,作为,16
55,来源,16
56,我们,16
57,助力,16
58,健康,15
59,援助,15
60,武汉,15
61,复产,15
62,表示,15
63,指导,14
64,推动,14
65,联合会,14
66,慈善,14
67,记者,14
68,合作,14
69,引导,13
70,力量,13
71,开展,13
72,重要,13
73,腾讯,13
74,平台,13
75,经济,13
76,中小企业,13
77,美国,13
78,2020,12
79,措施,12
80,相关,12
81,情况,12
82,管理,12
83,检测,12
84,志愿,12
85,帮助,12
86,养老,12
87,积极,12
88,银行,12
89,商户,12
90,赛事,12
91,比赛,12
92,聚集,11
93,严格,11
94,加强,11
95,重点,11
96,地区,11
97,论坛,11
98,基层,11
99,目前,11
100,一线,11
101,资金,11
102,捐赠,11
103,集团,11
104,市场,11
105,我国,10
106,时间,10
107,部分,10
108,核酸,10
109,启动,10
110,举办,10
111,线上,10
112,多个,10
113,抗击,10
114,亿元,10
115,湖北省,10
116,必须,10
117,影响,10
118,技术,10
119,阿里巴巴,10
120,感染,9
121,方式,9
122,生产,9
123,社会工作,9
124,经验,9
125,发起,9
126,直播,9
127,作用,9
128,一个,9
129,民政部,9
130,困难,9
131,武汉市,9
132,需求,9
133,针对,9
134,优势,9
135,餐饮,9
136,小微,9
137,商会,9
138,联合国,9
139,商业,9
140,场所,8
141,控制,8
142,隔离,8
143,发布,8
144,安全,8
145,方案,8
146,多家,8
147,邀请,8
148,在线,8
149,建设,8
150,执行,8
151,模式,8
152,成为,8
153,当地,8
154,民间,8
155,发挥,8
156,国内,8
157,举行,8
158,民众,8
159,解决,8
160,冠军,8
161,防伪,8
162,方面,8
163,国际乒联,8
164,春节,7
165,要求,7
166,家庭,7
167,10,7
168,安排,7
169,准备,7
170,了解,7
171,群体,7
172,实现,7
173,政策,7
174,恢复,7
175,小时,7
176,会议,7
177,30,7
178,精神,7
179,分享,7
180,如何,7
181,生活,7
182,此次,7
183,参与,7
184,专家,7
185,人民,7
186,秘书长,7
187,产品,7
188,阶段,7
189,带来,7
190,20,7
191,获得,7
192,万元,7
193,受助,7
194,没有,7
195,未来,7
196,贡献,7
197,资源,7
198,阿里,7
199,咨询,7
200,队员,7
201,融资,7
202,就业,7
203,自身,7
204,有限公司,7
205,品牌,7
206,河北省,7
207,特别,6
208,加大,6
209,有关,6
210,防护,6
211,口罩,6
212,减少,6
213,保持,6
214,疫苗,6
215,岗位,6
216,病毒,6
217,采购,6
218,根据,6
219,继续,6
220,旅游,6
221,卫生,6
222,11,6
223,应急,6
224,最大,6
225,心理健康,6
226,危机,6
227,面临,6
228,第一,6
229,北京市,6
230,委员会,6
231,共同行动,6
232,基金,6
233,两个,6
234,很多,6
235,关注,6
236,儿童,6
237,就是,6
238,这些,6
239,保险,6
240,设立,6
241,持续,6
242,免费,6
243,正在,6
244,领域,6
245,转型,6
246,美团,6
247,外卖,6
248,进一步,6
249,加速,5
250,以下,5
251,风险,5
252,个人,5
253,参加,5
254,消毒,5
255,实施,5
256,入境,5
257,强调,5
258,消费,5
259,加快,5
260,出入境,5
261,有效,5
262,酒店,5
263,审批,5
264,各项,5
265,人数,5
266,14,5
267,医疗,5
268,相守,5
269,不同,5
270,代表,5
271,爆发,5
272,面对,5
273,中心,5
274,一次,5
275,创新,5
276,25,5
277,网络,5
278,突破,5
279,价值,5
280,患者,5
281,分别,5
282,研究,5
283,主任,5
284,需要,5
285,负责人,5
286,这个,5
287,社会工作者,5
288,疏导,5
289,保障金,5
290,大家,5
291,其中,5
292,迅速,5
293,能力,5
294,缓解,5
295,一些,5
296,视频,5
297,较大,5
298,16,5
299,熊承刚,5
300,看到,5
301,能够,5
302,疫后,5
303,人类,5
304,各方,5
305,形成,5
306,强大,5
307,救援,5
308,国内外,5
309,饭店,5
310,银行业,5
311,经济社会,5
312,对接,5
313,贷款,5
314,不能,5
315,北京地区,5
316,APP,5
317,产品质量,5
318,追溯,5
319,决定,5
320,德国,5
321,隐形,5
322,科技,5
323,数智化,5
324,人权,5
325,乒协,5
326,训练,5
327,家政,5
328,希腊,5
329,实验室,5
330,关于,4
331,通知,4
332,国务院,4
333,简称,4
334,应对,4
335,尽量,4
336,通风,4
337,节日期间,4
338,人群,4
339,接种,4
340,城市,4
341,单位,4
342,街道,4
343,返乡,4
344,来自,4
345,监测,4
346,出现,4
347,报告,4
348,行业,4
349,错峰,4
350,加班,4
351,便利,4
352,采取,4
353,导致,4
354,严控,4
355,鼓励,4
356,现场,4
357,团队,4
358,业务,4
359,各类,4
360,按照,4
361,12,4
362,公共场所,4
363,超过,4
364,各地,4
365,部门,4
366,本地,4
367,力度,4
368,15,4
369,响应,4
370,心理卫生,4
371,大会,4
372,顺利,4
373,这场,4
374,介绍,4
375,联合行动,4
376,23,4
377,日至,4
378,寂寞,4
379,连续,4
380,每天,4
381,时期,4
382,特殊,4
383,告诉,4
384,坚守,4
385,时候,4
386,生命,4
387,家属,4
388,运送,4
389,战疫,4
390,对象,4
391,医护人员,4
392,具体,4
393,连线,4
394,这次,4
395,确保,4
396,中央,4
397,联动,4
398,灾难,4
399,团结,4
400,彰显,4
401,黎巴嫩,4
402,工作人员,4
403,促进,4
404,推出,4
405,世界,4
406,开通,4
407,广州,4
408,不足,4
409,复苏,4
410,销售,4
411,渠道,4
412,随州市,4
413,课堂,4
414,应用,4
415,建议,4
416,对于,4
417,质量,4
418,赛区,4
419,球队,4
420,俱乐部,4
421,重新,4
422,认为,4
423,副会长,4
424,指出,4
425,可以,4
426,文章,4
427,国乒,4
428,区域性,4
429,乒乓球,4
430,猛犸,4
431,雅典,4
432,重建,4
433,支付宝,4
434,两节,3
435,进口,3
436,冷链,3
437,食品,3
438,物流,3
439,科学,3
440,交通工具,3
441,注意,3
442,症状,3
443,尤其,3
444,交通运输,3
445,五有,3
446,网格,3
447,责任,3
448,出行,3
449,调整,3
450,春季,3
451,条件,3
452,群众,3
453,老人,3
454,回家,3
455,上线,3
456,结合,3
457,可能,3
458,客流,3
459,航班,3
460,空间,3
461,快速,3
462,效率,3
463,管控,3
464,变化,3
465,预约,3
466,主动,3
467,居民,3
468,处置,3
469,景区,3
470,75%,3
471,体系,3
472,特点,3
473,制定,3
474,老年人,3
475,规范,3
476,值守,3
477,50,3
478,完成,3
479,部署,3
480,休假,3
481,职工,3
482,近日,3
483,主办,3
484,服务体系,3
485,幸福,3
486,宝贵,3
487,会长,3
488,凌晨,3
489,社工,3
490,心理咨询,3
491,知识,3
492,覆盖,3
493,治理,3
494,之声,3
495,多位,3
496,以及,3
497,恢复正常,3
498,数据,3
499,协会会长,3
500,统计,3
501,进入,3
502,一系列,3
503,范围,3
504,教授,3
505,思考,3
506,冬青,3
507,普通人,3
508,自己,3
509,张海,3
510,同事,3
511,坚持,3
512,万名,3
513,城乡,3
514,已经,3
515,领取,3
516,一起,3
517,做点,3
518,蔓延,3
519,越来越,3
520,宣布,3
521,救助,3
522,包括,3
523,难题,3
524,双方,3
525,沟通,3
526,出台,3
527,优先,3
528,身故,3
529,成功,3
530,一方面,3
531,大学,3
532,承诺书,3
533,审核,3
534,材料,3
535,起来,3
536,发放,3
537,除了,3
538,严重,3
539,医院,3
540,江苏,3
541,最后,3
542,此前,3
543,有序,3
544,队伍,3
545,60,3
546,办法,3
547,还有,3
548,高效,3
549,这才,3
550,月初,3
551,艰难,3
552,时代,3
553,这样,3
554,设计,3
555,专门,3
556,胜利,3
557,携手,3
558,优势互补,3
559,计划,3
560,提升,3
561,挑战,3
562,提出,3
563,团结合作,3
564,有力,3
565,武器,3
566,中外,3
567,今年,3
568,得到,3
569,消杀,3
570,协调,3
571,整合,3
572,40,3
573,直接,3
574,凝聚,3
575,柬埔寨,3
576,形式,3
577,依托,3
578,互联网,3
579,开放,3
580,搭建,3
581,改善,3
582,程度,3
583,绿色,3
584,28,3
585,抵达,3
586,公羊,3
587,海外,3
588,客源,3
589,住宿,3
590,数字化,3
591,主要,3
592,正常,3
593,党中央,3
594,率先,3
595,金融,3
596,会员单位,3
597,担保,3
598,农业,3
599,扶持,3
600,带领,3
601,系统,3
602,果树,3
603,食用菌,3
604,供需,3
605,首场,3
606,签约,3
607,招聘会,3
608,契机,3
609,稳定,3
610,供应链,3
611,协议,3
612,充分发挥,3
613,餐厅,3
614,经营,3
615,为了,3
616,做出,3
617,力所能及,3
618,联赛,3
619,中超联赛,3
620,石家庄,3
621,球员,3
622,转会,3
623,高峰论坛,3
624,召开,3
625,27,3
626,地位,3
627,造成,3
628,学院,3
629,努力,3
630,而是,3
631,欧洲,3
632,韩国,3
633,非洲,3
634,支撑,3
635,数字,3
636,基建,3
637,普惠,3
638,融资难,3
639,董事长,3
640,微光,3
641,字见,3
642,之间,3
643,核心,3
644,凸显,3
645,种族歧视,3
646,不力,3
647,平等,3
648,生存,3
649,违反,3
650,力争,3
651,重启,3
652,集训,3
653,邀请赛,3
654,参赛,3
655,以往,3
656,企业信用,3
657,设备,3
658,元旦,2
659,人民政府,2
660,叠加,2
661,形势严峻,2
662,境外,2
663,室内,2
664,新型,2
665,冠状病毒,2
666,联防,2
667,联控,2
668,机制,2
669,降低,2
670,公众,2
671,佩戴,2
672,密闭,2
673,全程,2
674,以上,2
675,社交,2
676,距离,2
677,聚会,2
678,增加,2
679,高风险,2
680,运转,2
681,关键,2
682,乡镇,2
683,指南,2
684,从事,2
685,信息,2
686,督促,2
687,及时,2
688,核实,2
689,优化,2
690,学校,2
691,开学,2
692,务工人员,2
693,留在,2
694,用人单位,2
695,依法,2
696,工资,2
697,支付,2
698,调休,2
699,返岗,2
700,电商,2
701,交通,2
702,避免,2
703,客运,2
704,机场,2
705,测温,2
706,通行,2
707,提高,2
708,查验,2
709,引起,2
710,扩大,2
711,口岸,2
712,检疫,2
713,移民,2
714,网上,2
715,办理,2
716,证件,2
717,暂停,2
718,针对性,2
719,闭环,2
720,急需,2
721,旅行,2
722,流程,2
723,强化,2
724,物品,2
725,定期,2
726,大型,2
727,监管,2
728,人流,2
729,接待,2
730,常态,2
731,消费者,2
732,领导,2
733,13,2
734,指挥,2
735,实际,2
736,预案,2
737,状态,2
738,传统,2
739,企事业,2
740,应当,2
741,视频会议,2
742,任务,2
743,员工,2
744,大规模,2
745,医疗机构,2
746,争取,2
747,综合,2
748,学术,2
749,委员,2
750,交流,2
751,过程,2
752,案例,2
753,以来,2
754,前所未有,2
755,干预,2
756,民政局,2
757,博能,2
758,多名,2
759,共有,2
760,有益,2
761,探索,2
762,理事长,2
763,清华大学,2
764,万人次,2
765,芒果,2
766,陪伴,2
767,节目,2
768,学习,2
769,首席,2
770,简然,2
771,播出,2
772,不仅,2
773,整个,2
774,1.2,2
775,5000,2
776,收看,2
777,具有,2
778,支出,2
779,集中,2
780,治愈,2
781,歧视,2
782,基于,2
783,处理,2
784,建立,2
785,研究所,2
786,众人,2
787,抱薪者,2
788,永不,2
789,独行,2
790,携手同心,2
791,助战,2
792,108,2
793,受助者,2
794,公示,2
795,身边,2
796,存在,2
797,感受,2
798,不到,2
799,一旦,2
800,投入,2
801,认可,2
802,暖心,2
803,承受,2
804,不断,2
805,一天,2
806,付出,2
807,有近,2
808,400,2
809,平均,2
810,每个,2
811,350,2
812,千千万万,2
813,专属,2
814,补助,2
815,截至,2
816,可敬,2
817,实事,2
818,随着,2
819,医护,2
820,行者,2
821,虽然,2
822,还是,2
823,正式,2
824,重症,2
825,危重症,2
826,感染者,2
827,申请,2
828,推进,2
829,聚焦,2
830,奉献,2
831,补助金,2
832,欣慰,2
833,妈妈,2
834,一名,2
835,不幸,2
836,一边,2
837,难过,2
838,培训部,2
839,环节,2
840,地说,2
841,回访,2
842,身体,2
843,那么,2
844,但是,2
845,详细,2
846,认真,2
847,内部,2
848,善款,2
849,到位,2
850,营盘,2
851,处于,2
852,克服,2
853,可是,2
854,总是,2
855,放心,2
856,家人,2
857,突然,2
858,年仅,2
859,蓝天,2
860,许鹏,2
861,孩子,2
862,爸爸,2
863,21,2
864,再也,2
865,居委会,2
866,31,2
867,父亲,2
868,休息,2
869,怎么,2
870,多岁,2
871,大队,2
872,家里,2
873,什么,2
874,平凡,2
875,伟大,2
876,创造,2
877,体现,2
878,提振,2
879,特色,2
880,之一,2
881,普通,2
882,无缝,2
883,比较,2
884,亮点,2
885,无数,2
886,满足,2
887,文化,2
888,服务项目,2
889,总会,2
890,亡者,2
891,亲属,2
892,当新冠,2
893,巨大,2
894,主席,2
895,习近平,2
896,引发,2
897,广泛,2
898,燃眉之急,2
899,担当,2
900,民心,2
901,相通,2
902,平澜,2
903,难民营,2
904,全力支持,2
905,难民,2
906,诊治,2
907,而且,2
908,民间组织,2
909,促进会,2
910,倡议,2
911,各国,2
912,合力,2
913,100,2
914,沿线,2
915,300,2
916,一带,2
917,一路,2
918,倡议书,2
919,维护,2
920,公共卫生,2
921,作出,2
922,跨界,2
923,浙江,2
924,马云,2
925,布局,2
926,紧缺,2
927,贸易,2
928,洗手,2
929,粮食,2
930,贫困,2
931,极大,2
932,守望相助,2
933,架次,2
934,专车,2
935,义务,2
936,奥地利,2
937,加深,2
938,积累,2
939,之下,2
940,更是,2
941,践行,2
942,世界舞台,2
943,更大,2
944,饭店业,2
945,振兴,2
946,开幕式,2
947,受新冠,2
948,餐饮企业,2
949,尽快,2
950,营造,2
951,安心,2
952,氛围,2
953,人民日报,2
954,信贷,2
955,万亿元,2
956,消息,2
957,金融机构,2
958,加速度,2
959,秩序,2
960,回来,2
961,共识,2
962,决策,2
963,授信,2
964,已有,2
965,理财,2
966,联系,2
967,辅导,2
968,税务,2
969,切实,2
970,压力,2
971,达成,2
972,赋能,2
973,拓展,2
974,电子商务,2
975,低息贷款,2
976,取得,2
977,信用,2
978,个体,2
979,工商户,2
980,共计,2
981,云端,2
982,为期,2
983,全力,2
984,内容,2
985,建筑业,2
986,细则,2
987,使用,2
988,微信,2
989,注册,2
990,种植,2
991,菇农,2
992,招商,2
993,企业家,2
994,专题,2
995,烹饪,2
996,证明,2
997,传入,2
998,市民,2
999,即可,2
1000,是否,2
1001,点评,2
1002,餐企,2
1003,交易,2
1004,开始,2
1005,之后,2
1006,帮扶,2
1007,机会,2
1008,三个,2
1009,北京日报,2
1010,走向,2
1011,溯源,2
1012,流通,2
1013,总局,2
1014,价格,2
1015,民生,2
1016,战略,2
1017,战胜,2
1018,中国足球协会,2
1019,赛季,2
1020,苏州,2
1021,大连,2
1022,分为,2
1023,深圳,2
1024,河北,2
1025,青岛,2
1026,中国足协,2
1027,中超,2
1028,窗口,2
1029,日期,2
1030,各界,2
1031,高度重视,2
1032,占据,2
1033,王民,2
1034,冲击,2
1035,信心,2
1036,当前,2
1037,供给,2
1038,现金流,2
1039,投资,2
1040,驱动力,2
1041,采访,2
1042,真正,2
1043,这一,2
1044,不要,2
1045,美洲,2
1046,全球性,2
1047,日本,2
1048,主题,2
1049,发言,2
1050,斗争,2
1051,命运,2
1052,共同体,2
1053,线下,2
1054,背后,2
1055,副总裁,2
1056,基础设施,2
1057,许多,2
1058,计算,2
1059,底座,2
1060,构建,2
1061,董事,2
1062,更生,2
1063,精彩,2
1064,不是,2
1065,对小微,2
1066,打法,2
1067,做法,2
1068,北大,2
1069,纵横,2
1070,科技股份,2
1071,总经理,2
1072,成熟度,2
1073,组成部分,2
1074,东方,2
1075,相比,2
1076,活力,2
1077,竞争力,2
1078,树立,2
1079,场景,2
1080,效果,2
1081,签署,2
1082,涉及,2
1083,研究会,2
1084,美式,2
1085,美国政府,2
1086,200,2
1087,死亡,2
1088,贫富,2
1089,分化,2
1090,弱势群体,2
1091,陷入,2
1092,考虑,2
1093,资本,2
1094,利益,2
1095,放在首位,2
1096,攻击,2
1097,对手,2
1098,状况,2
1099,污名,2
1100,原则,2
1101,封闭,2
1102,本月,2
1103,回到,2
1104,队内,2
1105,主力,2
1106,先行一步,2
1107,国手,2
1108,尚坤,2
1109,夺得,2
1110,杜塞尔多夫,2
1111,观众,2
1112,对抗赛,2
1113,运动员,2
1114,细节,2
1115,封锁,2
1116,预防,2
1117,班车,2
1118,抵押,2
1119,为此,2
1120,教育,2
1121,人们,2
1122,不少,2
1123,海淀区,2
1124,新华网,2
1125,深圳市,2
1126,病毒检测,2
1127,成果,2
1128,华大,2
1129,仪式,2
1130,章启月,2
1131,基基,2
1132,利亚斯,2
1133,中希,2
1134,两国,2
1135,作出贡献,2
1136,面向,2
1137,首批,2
1138,2021,1
1139,国卫明,1
1140,463,1
1141,各省,1
1142,自治区,1
1143,直辖市,1
1144,各部委,1
1145,直属机构,1
1146,流行,1
1147,本土,1
1148,零星,1
1149,散发,1
1150,局部,1
1151,交织,1
1152,态势,1
1153,复杂,1
1154,回国,1
1155,增多,1
1156,境内,1
1157,流动性,1
1158,货物,1
1159,增大,1
1160,传播,1
1161,同意,1
1162,事项,1
1163,如下,1
1164,公共,1
1165,电梯,1
1166,勤洗手,1
1167,咳嗽,1
1168,打喷嚏,1
1169,遮挡,1
1170,提倡,1
1171,私人,1
1172,聚餐,1
1173,流感,1
1174,前往,1
1175,经常,1
1176,开窗,1
1177,空气流通,1
1178,场站,1
1179,频次,1
1180,走动,1
1181,维持,1
1182,事业单位,1
1183,守住,1
1184,网底,1
1185,做到,1
1186,管理制度,1
1187,责任人,1
1188,适量,1
1189,储备,1
1190,属地,1
1191,医疗卫生,1
1192,转运,1
1193,到户,1
1194,假期,1
1195,外来人员,1
1196,登记,1
1197,摸排,1
1198,日常,1
1199,发热,1
1200,自我,1
1201,巡回,1
1202,督查,1
1203,发现异常,1
1204,流动,1
1205,寒假,1
1206,放假,1
1207,学期,1
1208,返校,1
1209,节假日,1
1210,留校,1
1211,学生,1
1212,允许,1
1213,务工地,1
1214,过年,1
1215,依规,1
1216,民政,1
1217,监所,1
1218,妥善处理,1
1219,过节,1
1220,倡导,1
1221,疏解,1
1222,年货,1
1223,售票,1
1224,乘车,1
1225,严格控制,1
1226,超员,1
1227,科学合理,1
1228,旅客,1
1229,滞留,1
1230,飞机,1
1231,列车,1
1232,长途客车,1
1233,水域,1
1234,水路,1
1235,工具,1
1236,实名,1
1237,购票,1
1238,对号入座,1
1239,进站,1
1240,候车,1
1241,因扫码,1
1242,便利化,1
1243,自驾车,1
1244,接触,1
1245,检票,1
1246,无纸化,1
1247,便捷,1
1248,配足,1
1249,海关,1
1250,申请人,1
1251,办证,1
1252,输入,1
1253,外国人,1
1254,签证,1
1255,居留,1
1256,许可,1
1257,远端,1
1258,机票,1
1259,从严,1
1260,公民,1
1261,尽量减少,1
1262,不必要,1
1263,跨境,1
1264,提示,1
1265,提醒,1
1266,劝导,1
1267,内地,1
1268,取消,1
1269,出国,1
1270,熔断,1
1271,来华,1
1272,规定,1
1273,后续,1
1274,观察,1
1275,确保全,1
1276,食品包装,1
1277,运输工具,1
1278,预防性,1
1279,从业人员,1
1280,文艺演出,1
1281,体育比赛,1
1282,展览,1
1283,展销,1
1284,马拉松,1
1285,密集型,1
1286,节日,1
1287,祈福,1
1288,庙会,1
1289,灯会,1
1290,群众性,1
1291,划设,1
1292,进出,1
1293,通道,1
1294,体温,1
1295,符合,1
1296,不予,1
1297,批准,1
1298,规模,1
1299,限量,1
1300,入园,1
1301,游客量,1
1302,承载量,1
1303,剧院,1
1304,娱乐场所,1
1305,继续执行,1
1306,接纳,1
1307,核定,1
1308,地方,1
1309,24,1
1310,值班,1
1311,各级,1
1312,战时,1
1313,切实做好,1
1314,应检尽检,1
1315,节前,1
1316,安全检查,1
1317,检查,1
1318,及时发现,1
1319,整改,1
1320,隐患,1
1321,宣传,1
1322,意愿,1
1323,灵活,1
1324,职工群众,1
1325,院感,1
1326,发现,1
1327,立即,1
1328,统筹,1
1329,调度,1
1330,第十三届,1
1331,发声,1
1332,呼吁,1
1333,弘扬,1
1334,护佑,1
1335,第十三次,1
1336,丰盛,1
1337,承办,1
1338,心战疫,1
1339,成立,1
1340,首要,1
1341,中共,1
1342,二级,1
1343,巡视员,1
1344,张青,1
1345,惠泽人,1
1346,两地,1
1347,疫区,1
1348,医生,1
1349,2300,1
1350,23000,1
1351,12.7,1
1352,协同,1
1353,实验,1
1354,倪子君,1
1355,心理学系,1
1356,日起,1
1357,短短,1
1358,天内,1
1359,68,1
1360,129,1
1361,课程,1
1362,104.2,1
1363,一直,1
1364,牵动,1
1365,开播,1
1366,心理专家,1
1367,电台,1
1368,广播,1
1369,电视台,1
1370,主持人,1
1371,钟雯,1
1372,台前幕后,1
1373,故事,1
1374,收听率,1
1375,高居,1
1376,排名,1
1377,强烈反响,1
1378,起到,1
1379,表现,1
1380,强劲,1
1381,类节目,1
1382,长江,1
1383,流量,1
1384,图文,1
1385,推送,1
1386,媒体,1
1387,阅读,1
1388,全网,1
1389,收听,1
1390,3.5,1
1391,活跃,1
1392,战场,1
1393,点滴,1
1394,一样,1
1395,珠海市,1
1396,香洲区,1
1397,万晓丽,1
1398,她们,1
1399,2018,1
1400,148,1
1401,卫生领域,1
1402,全部,1
1403,0.2%,1
1404,北上,1
1405,广等,1
1406,快节奏,1
1407,担心,1
1408,病情,1
1409,复发,1
1410,周围,1
1411,焦虑,1
1412,自责,1
1413,青少年,1
1414,起大,1
1415,浙江大学,1
1416,树林,1
1417,安徽师范大学,1
1418,心理学,1
1419,所长,1
1420,方双虎,1
1421,尚善,1
1422,辛欣,1
1423,心理网,1
1424,陈伟,1
1425,启发,1
1426,建言献策,1
1427,下午,1
1428,看着,1
1429,桌上,1
1430,厚厚,1
1431,一沓,1
1432,摆放,1
1433,整齐,1
1434,资料,1
1435,真的,1
1436,默默无闻,1
1437,没什么,1
1438,惊天动地,1
1439,大事,1
1440,说不出,1
1441,感动,1
1442,敬意,1
1443,空气,1
1444,失去,1
1445,乱套,1
1446,全身心,1
1447,不顾,1
1448,安危,1
1449,不畏艰难,1
1450,甚至,1
1451,献出,1
1452,倾注,1
1453,感情,1
1454,巡查,1
1455,安抚,1
1456,送菜,1
1457,送药,1
1458,照顾,1
1459,失能,1
1460,重压,1
1461,平常,1
1462,重复,1
1463,疲惫,1
1464,坚毅,1
1465,奋战,1
1466,65,1
1467,万个,1
1468,守护,1
1469,朴实,1
1470,诠释,1
1471,微保,1
1472,工作岗位,1
1473,干部,1
1474,挂满,1
1475,代购,1
1476,药物,1
1477,前面,1
1478,隔开,1
1479,致敬,1
1480,人物,1
1481,投身,1
1482,守护者,1
1483,紧急,1
1484,心想,1
1485,精力有限,1
1486,仍然,1
1487,高兴,1
1488,接下来,1
1489,印象,1
1490,深刻,1
1491,一段,1
1492,无论是,1
1493,抓紧,1
1494,设计方案,1
1495,反复,1
1496,尽可能,1
1497,完善,1
1498,牺牲,1
1499,第二,1
1500,专项,1
1501,自主,1
1502,心在,1
1503,落地,1
1504,沉默,1
1505,防范,1
1506,另一边,1
1507,内蒙古,1
1508,包头,1
1509,女孩,1
1510,名字,1
1511,已然,1
1512,泣不成声,1
1513,滕逸鹤,1
1514,因为,1
1515,劳累过度,1
1516,心源性,1
1517,猝死,1
1518,当时,1
1519,继承人,1
1520,不由自主,1
1521,跟着,1
1522,流眼泪,1
1523,靳柳慧,1
1524,公平,1
1525,公正,1
1526,法定继承,1
1527,宣读,1
1528,如此,1
1529,心痛,1
1530,赵楠,1
1531,动情,1
1532,质朴,1
1533,简单,1
1534,文字,1
1535,平平淡淡,1
1536,在读,1
1537,亲人,1
1538,姓名,1
1539,身份证号,1
1540,流泪,1
1541,哽咽,1
1542,发抖,1
1543,那一刻,1
1544,语言,1
1545,空洞,1
1546,只能,1
1547,静静地,1
1548,等待,1
1549,心情,1
1550,平复,1
1551,算是,1
1552,一种,1
1553,安慰,1
1554,有时候,1
1555,觉得,1
1556,无力,1
1557,想到,1
1558,下发,1
1559,符合条件,1
1560,本人,1
1561,填写,1
1562,申请表,1
1563,慰问金,1
1564,一份,1
1565,拨付,1
1566,透明,1
1567,扎实,1
1568,专业化,1
1569,执行力,1
1570,每一分,1
1571,准确,1
1572,江西省,1
1573,遂川县,1
1574,圩乡,1
1575,两省,1
1576,交界处,1
1577,车流,1
1578,属于,1
1579,关口,1
1580,村主任,1
1581,黄信,1
1582,询问,1
1583,村民,1
1584,身体状况,1
1585,还要,1
1586,终日,1
1587,高寒,1
1588,雨雪,1
1589,恶劣,1
1590,天气,1
1591,卡口,1
1592,一值,1
1593,一段时间,1
1594,明显,1
1595,感到,1
1596,不适,1
1597,心慌,1
1598,心悸,1
1599,冒汗,1
1600,实在,1
1601,太紧张,1
1602,离开,1
1603,答应,1
1604,值完,1
1605,哪承想,1
1606,发病,1
1607,心肌梗塞,1
1608,45,1
1609,救援队,1
1610,机动队,1
1611,队长,1
1612,一条,1
1613,朋友圈,1
1614,美丽,1
1615,谎言,1
1616,怪兽,1
1617,令人,1
1618,泪目,1
1619,途中,1
1620,遭遇,1
1621,车祸,1
1622,去世,1
1623,39,1
1624,奔波,1
1625,十六七,1
1626,广西壮族自治区,1
1627,玉林市,1
1628,玉东,1
1629,新区,1
1630,茂林,1
1631,镇湘汉,1
1632,复产正,1
1633,党总支,1
1634,陈继国,1
1635,身影,1
1636,天后,1
1637,陈继国于,1
1638,26,1
1639,永远,1
1640,定格,1
1641,53,1
1642,一位,1
1643,有着,1
1644,34,1
1645,党龄,1
1646,党员,1
1647,退役军人,1
1648,何来,1
1649,小家,1
1650,嘴边,1
1651,没日没夜,1
1652,冲锋,1
1653,曾多次,1
1654,一两天,1
1655,过去,1
1656,言行,1
1657,一辈子,1
1658,财富,1
1659,女儿,1
1660,陈波梅,1
1661,人里,1
1662,各个,1
1663,年龄段,1
1664,三四十,1
1665,书记,1
1666,最小,1
1667,只有,1
1668,顶梁柱,1
1669,愿意,1
1670,多为,1
1671,公开,1
1672,敬重,1
1673,暖意,1
1674,对得起,1
1675,前不久,1
1676,授课,1
1677,6.5,1
1678,浏览量,1
1679,330,1
1680,江汉区,1
1681,福利院,1
1682,老年公寓,1
1683,声音,1
1684,充满,1
1685,干劲,1
1686,热情,1
1687,很难,1
1688,想象,1
1689,中旬,1
1690,出院,1
1691,58,1
1692,经历,1
1693,怎样,1
1694,痛苦,1
1695,煎熬,1
1696,乐观,1
1697,这段,1
1698,记忆,1
1699,封存,1
1700,默默,1
1701,余年,1
1702,领头人,1
1703,敬业,1
1704,江福,1
1705,拟定,1
1706,我能,1
1707,幸运地,1
1708,扛过来,1
1709,做点事,1
1710,处在,1
1711,关怀,1
1712,对后,1
1713,服务业,1
1714,关注点,1
1715,别的,1
1716,里面,1
1717,范围广,1
1718,设置,1
1719,衔接,1
1720,角度,1
1721,独特,1
1722,顾虑,1
1723,可贵,1
1724,其实,1
1725,平时,1
1726,很少,1
1727,说明,1
1728,前期,1
1729,细致,1
1730,调研,1
1731,确实,1
1732,功夫,1
1733,凡人,1
1734,英雄,1
1735,阶段性,1
1736,小小的,1
1737,不懈努力,1
1738,一个个,1
1739,累积,1
1740,丰碑,1
1741,实践,1
1742,多方,1
1743,良好效果,1
1744,如果,1
1745,关心群众,1
1746,契合,1
1747,最佳,1
1748,分配,1
1749,找到,1
1750,三方,1
1751,赢点,1
1752,共生,1
1753,善事,1
1754,长远,1
1755,评价,1
1756,期待,1
1757,成功经验,1
1758,五社,1
1759,爱满,1
1760,荆楚,1
1761,近期,1
1762,出资,1
1763,融入,1
1764,引入,1
1765,一村,1
1766,程楠,1
1767,和衷共济,1
1768,同御,1
1769,纪实,1
1770,肆虐,1
1771,中非,1
1772,峰会,1
1773,主张,1
1774,共鸣,1
1775,团体,1
1776,天涯比邻,1
1777,情谊,1
1778,表明,1
1779,抵御,1
1780,决心,1
1781,蔓延到,1
1782,办公室,1
1783,想法,1
1784,很快,1
1785,伙伴,1
1786,远程,1
1787,掌握,1
1788,病例,1
1789,实操,1
1790,政府部门,1
1791,粮油食品,1
1792,消毒剂,1
1793,洗手液,1
1794,丝路,1
1795,一家亲,1
1796,框架,1
1797,中共中央对外联络部,1
1798,国际交流,1
1799,秉持,1
1800,美好愿望,1
1801,合作项目,1
1802,经验交流,1
1803,余场,1
1804,募集,1
1805,总额,1
1806,1.92,1
1807,人民币,1
1808,各具特色,1
1809,卓有成效,1
1810,例如,1
1811,丝绸之路,1
1812,非政府,1
1813,成员,1
1814,场线,1
1815,交流活动,1
1816,惠及,1
1817,十万人,1
1818,中国国际交流协会,1
1819,发出,1
1820,成就,1
1821,无悔,1
1822,青春,1
1823,55,1
1824,166,1
1825,青年,1
1826,研讨,1
1827,方法,1
1828,对策,1
1829,和平,1
1830,2000,1
1831,多万元,1
1832,一批,1
1833,用来,1
1834,缅甸,1
1835,高考,1
1836,阅卷,1
1837,顺利开展,1
1838,各尽所能,1
1839,灵活多样,1
1840,驰援,1
1841,凝结,1
1842,强有力,1
1843,电子,1
1844,菜鸟,1
1845,智能,1
1846,150,1
1847,加急,1
1848,专区,1
1849,海外侨胞,1
1850,诊疗,1
1851,研发,1
1852,攻坚,1
1853,AI,1
1854,算力,1
1855,科研,1
1856,攻关,1
1857,信息技术,1
1858,科研项目,1
1859,总计,1
1860,余件,1
1861,230,1
1862,实战,1
1863,共享,1
1864,卓越,1
1865,速度,1
1866,中国扶贫基金会,1
1867,发展中国家,1
1868,贫困地区,1
1869,尼泊尔,1
1870,微笑,1
1871,234,1
1872,环境卫生,1
1873,普及,1
1874,1.5,1
1875,受益,1
1876,贫困家庭,1
1877,饥饿,1
1878,光华,1
1879,157,1
1880,丝带,1
1881,接收,1
1882,总价值,1
1883,吸引,1
1884,积极参与,1
1885,精准度,1
1886,金边,1
1887,一支,1
1888,身着,1
1889,深蓝色,1
1890,工作服,1
1891,训练有素,1
1892,经验丰富,1
1893,组成,1
1894,中华慈善总会,1
1895,大量,1
1896,车站,1
1897,广场,1
1898,130,1
1899,余万元,1
1900,医用,1
1901,万册,1
1902,手册,1
1903,赛跑,1
1904,浙江省,1
1905,总动员,1
1906,专机,1
1907,国际航班,1
1908,批次,1
1909,货柜,1
1910,运输,1
1911,意大利,1
1912,普拉,1
1913,托市,1
1914,每日,1
1915,负责,1
1916,筹集,1
1917,红十字会,1
1918,一次次,1
1919,互助,1
1920,壮大,1
1921,增进,1
1922,友谊,1
1923,iWill,1
1924,推行,1
1925,三师,1
1926,医师,1
1927,华人华侨,1
1928,留学生,1
1929,集群,1
1930,招募,1
1931,青年志愿者协会,1
1932,尝试,1
1933,突发,1
1934,事件,1
1935,新机制,1
1936,人心齐,1
1937,泰山移,1
1938,共担,1
1939,风雨,1
1940,传递,1
1941,深情厚谊,1
1942,承诺,1
1943,锻炼,1
1944,必将,1
1945,郑超,1
1946,第九届,1
1947,文化节,1
1948,商务,1
1949,会展,1
1950,宴会,1
1951,入住率,1
1952,40%,1
1953,引领,1
1954,首届,1
1955,717,1
1956,百城,1
1957,千店,1
1958,1500,1
1959,多项,1
1960,特惠,1
1961,协力,1
1962,餐饮行业,1
1963,央视网,1
1964,中午,1
1965,合计,1
1966,用于,1
1967,医疗器械,1
1968,三农,1
1969,广播电视,1
1970,总台,1
1971,央视,1
1972,新闻,1
1973,总书记,1
1974,中共中央政治局,1
1975,常务委员会,1
1976,一揽子,1
1977,损失,1
1978,当下,1
1979,高度,1
1980,坚决,1
1981,贯彻落实,1
1982,民政部门,1
1983,动员,1
1984,广开,1
1985,引来,1
1986,活水,1
1987,复产中,1
1988,竭尽所能,1
1989,找出路,1
1990,安徽,1
1991,服务平台,1
1992,1052,1
1993,110,1
1994,拿到,1
1995,银行贷款,1
1996,公司,1
1997,增信,1
1998,三板,1
1999,四板,1
2000,业务主管,1
2001,电力,1
2002,机电,1
2003,多种,1
2004,摸清,1
2005,各市,1
2006,打造,1
2007,纳税,1
2008,税费,1
2009,优惠政策,1
2010,减轻,1
2011,能源开发,1
2012,龙头企业,1
2013,新能源,1
2014,协助,1
2015,申报,1
2016,外贸,1
2017,全市,1
2018,累计,1
2019,6394,1
2020,发放贷款,1
2021,9436,1
2022,68.66,1
2023,10750,1
2024,延期,1
2025,还本付息,1
2026,15849,1
2027,68.32,1
2028,借路,1
2029,销路,1
2030,手握手,1
2031,云上,1
2032,桥梁,1
2033,标识,1
2034,不但,1
2035,全体,1
2036,一年,1
2037,职业技能,1
2038,其他,1
2039,工人,1
2040,市政工程,1
2041,余项,1
2042,工程技术,1
2043,工程,1
2044,考前,1
2045,抢建,1
2046,火神,1
2047,神山,1
2048,BIM,1
2049,法律,1
2050,岩土,1
2051,财务,1
2052,余次,1
2053,餐饮业,1
2054,解封,1
2055,直播间,1
2056,交流经验,1
2057,解读,1
2058,堂食,1
2059,空调,1
2060,卫生间,1
2061,予以,1
2062,明确,1
2063,办公,1
2064,各种,1
2065,受众,1
2066,余万人次,1
2067,80,1
2068,余家,1
2069,账号,1
2070,多多,1
2071,优品馆,1
2072,带货,1
2073,代表性,1
2074,荆州市,1
2075,录制,1
2076,种植者,1
2077,果品,1
2078,闻名遐迩,1
2079,香菇,1
2080,万人,1
2081,加工,1
2082,机械,1
2083,进程,1
2084,调查,1
2085,实际困难,1
2086,合理化,1
2087,聘请,1
2088,答疑,1
2089,解惑,1
2090,想方设法,1
2091,拓宽,1
2092,抓住机遇,1
2093,帮忙,1
2094,总投资额,1
2095,2451,1
2096,69,1
2097,重点项目,1
2098,落户,1
2099,281,1
2100,参会,1
2101,万余个,1
2102,看准,1
2103,搭台,1
2104,唱戏,1
2105,良好,1
2106,借势,1
2107,打通,1
2108,产供销,1
2109,率领,1
2110,畅通,1
2111,制造,1
2112,循环,1
2113,中建,1
2114,三局,1
2115,新七,1
2116,签订,1
2117,用工,1
2118,招工难,1
2119,黄石市,1
2120,会同,1
2121,服务中心,1
2122,就业局,1
2123,双千,1
2124,招工,1
2125,稳工,1
2126,意向,1
2127,431,1
2128,涂兆宇,1
2129,北京市民,1
2130,结果,1
2131,反弹,1
2132,走出,1
2133,困境,1
2134,日前,1
2135,披露,1
2136,联手,1
2137,春风,1
2138,用餐,1
2139,据介绍,1
2140,这是,1
2141,首次,1
2142,展示,1
2143,大众,1
2144,查看,1
2145,用户,1
2146,满意度,1
2147,活跃度,1
2148,优质,1
2149,3%,1
2150,6%,1
2151,比例,1
2152,返还,1
2153,佣金,1
2154,返佣,1
2155,将视,1
2156,确定,1
2157,新开通,1
2158,额外,1
2159,获赠,1
2160,享受,1
2161,组合,1
2162,还款,1
2163,无需,1
2164,偿还,1
2165,本金,1
2166,开店,1
2167,可享,1
2168,一个月,1
2169,免息,1
2170,资金周转,1
2171,赵鹏,1
2172,有增无减,1
2173,跨国,1
2174,责难,1
2175,现状,1
2176,交流会,1
2177,主会场,1
2178,山东,1
2179,青州,1
2180,广东,1
2181,东莞,1
2182,分会场,1
2183,央信,1
2184,存证,1
2185,全面落实,1
2186,监督管理,1
2187,发展局,1
2188,副局长,1
2189,海东,1
2190,市场监管,1
2191,超常规,1
2192,举措,1
2193,较强,1
2194,制度,1
2195,依法取缔,1
2196,非法,1
2197,野生动物,1
2198,安全监控,1
2199,商品,1
2200,开发,1
2201,重大,1
2202,完全,1
2203,李深根,1
2204,开赛,1
2205,本赛季,1
2206,将分,1
2207,第一阶段,1
2208,空场,1
2209,赛会,1
2210,支中超,1
2211,小组,1
2212,苏宁,1
2213,山东鲁能队,1
2214,河南建业队,1
2215,大连人,1
2216,富力队,1
2217,上海申花队,1
2218,佳兆业队,1
2219,北京国安队,1
2220,上海,1
2221,上港队,1
2222,卓尔队,1
2223,天津泰达队,1
2224,重庆,1
2225,当代,1
2226,华夏,1
2227,黄海,1
2228,永昌,1
2229,严格遵守,1
2230,管理工作,1
2231,当日,1
2232,公布,1
2233,中甲,1
2234,事宜,1
2235,补充,1
2236,二次,1
2237,29,1
2238,第三个,1
2239,此外,1
2240,引进,1
2241,解散,1
2242,数量,1
2243,限制,1
2244,晨曦,1
2245,飞速发展,1
2246,离不开,1
2247,2017,1
2248,74,1
2249,全体会议,1
2250,每年,1
2251,日为,1
2252,国民经济,1
2253,极其重要,1
2254,创业,1
2255,富民,1
2256,增加收入,1
2257,举足轻重,1
2258,以线,1
2259,开幕,1
2260,致辞,1
2261,崛起,1
2262,动力,1
2263,对此,1
2264,惠企,1
2265,日益,1
2266,浓厚,1
2267,良好氛围,1
2268,国际商会,1
2269,今日,1
2270,在京开幕,1
2271,政要,1
2272,嘉宾,1
2273,围绕,1
2274,一场,1
2275,闪烁,1
2276,智慧,1
2277,光芒,1
2278,头脑,1
2279,风暴,1
2280,减缓,1
2281,全面,1
2282,中断,1
2283,悲观,1
2284,预期,1
2285,不畅,1
2286,使得,1
2287,出口,1
2288,三驾,1
2289,马车,1
2290,受到冲击,1
2291,波斯尼亚,1
2292,黑塞哥维那,1
2293,总理,1
2294,北京师范大学,1
2295,新兴,1
2296,研究院,1
2297,施瓦茨,1
2298,特聘,1
2299,特科,1
2300,拉古,1
2301,季亚,1
2302,在发言中,1
2303,就业机会,1
2304,增长,1
2305,迎来,1
2306,得以,1
2307,再造,1
2308,重组,1
2309,角色,1
2310,寻求,1
2311,繁荣,1
2312,赫尔曼,1
2313,西蒙,1
2314,拥有,1
2315,成长,1
2316,肥沃,1
2317,土壤,1
2318,凭借,1
2319,中国政府,1
2320,将会,1
2321,登上,1
2322,也就是说,1
2323,领导者,1
2324,捍卫,1
2325,局限于,1
2326,走向世界,1
2327,那里,1
2328,市场份额,1
2329,想要,1
2330,竞争者,1
2331,世界各地,1
2332,超越,1
2333,界限,1
2334,国会议员,1
2335,韩中,1
2336,天书,1
2337,英国,1
2338,公使衔,1
2339,参赞,1
2340,国际贸易,1
2341,学会,1
2342,金旭,1
2343,商人,1
2344,桥本,1
2345,结诚,1
2346,李耕豪,1
2347,芬兰,1
2348,科技产业,1
2349,联盟,1
2350,TapaniTuolumen,1
2351,一体化,1
2352,今天,1
2353,亚洲,1
2354,曲线,1
2355,边际,1
2356,南亚,1
2357,中东,1
2358,扩散,1
2359,同新冠,1
2360,长时间,1
2361,重振,1
2362,今年以来,1
2363,原本,1
2364,为主,1
2365,无法,1
2366,营收,1
2367,57%,1
2368,可怕,1
2369,倒逼,1
2370,本来,1
2371,迫切,1
2372,选择,1
2373,精细化,1
2374,运营,1
2375,手段,1
2376,刘松,1
2377,演讲,1
2378,而云,1
2379,变成,1
2380,此时,1
2381,生态,1
2382,孵化,1
2383,业态,1
2384,涌现,1
2385,抓住,1
2386,机遇,1
2387,本身,1
2388,源自,1
2389,智能化,1
2390,升级,1
2391,瞄准,1
2392,2030,1
2393,社会形态,1
2394,产业,1
2395,形态,1
2396,中国建设银行,1
2397,副行长,1
2398,大象,1
2399,跳舞,1
2400,应该,1
2401,独有,1
2402,世界性,1
2403,放贷,1
2404,改变传统,1
2405,特性,1
2406,小企业,1
2407,平衡,1
2408,坏账,1
2409,率过,1
2410,因此,1
2411,大中型,1
2412,投放,1
2413,降低利率,1
2414,天花板,1
2415,永达,1
2416,传媒,1
2417,营销,1
2418,官鲁野,1
2419,飞鸟,1
2420,视界,1
2421,CEO,1
2422,文中,1
2423,创始人,1
2424,劳动模范,1
2425,王璞,1
2426,新广,1
2427,金永淑,1
2428,隆盛,1
2429,王卫东,1
2430,当好,1
2431,冲锋队,1
2432,尽锐,1
2433,出战,1
2434,迎难而上,1
2435,组合拳,1
2436,联合体,1
2437,打赢,1
2438,保卫战,1
2439,应有,1
2440,及其,1
2441,关系,1
2442,链路,1
2443,洞察,1
2444,规划,1
2445,宿宸,1
2446,消极影响,1
2447,总体,1
2448,低于,1
2449,平均值,1
2450,诉求,1
2451,强烈,1
2452,数智,1
2453,化为,1
2454,显著,1
2455,免疫力,1
2456,越高,1
2457,起步,1
2458,负面影响,1
2459,越小,1
2460,微银,1
2461,护航,1
2462,焦京茹,1
2463,经贸,1
2464,链条,1
2465,充分,1
2466,相较,1
2467,受制于人,1
2468,放大,1
2469,遍布,1
2470,小店,1
2471,最有,1
2472,市井,1
2473,人情,1
2474,烟火,1
2475,气息,1
2476,它们,1
2477,千家万户,1
2478,毛细血管,1
2479,真情,1
2480,福祉,1
2481,推广,1
2482,中讯,1
2483,高科,1
2484,总裁,1
2485,吴丽芬,1
2486,常务理事,1
2487,广西,1
2488,贵港,1
2489,传奇,1
2490,樊海麟,1
2491,而言,1
2492,高低,1
2493,利润,1
2494,失败,1
2495,弱小,1
2496,归咎于,1
2497,同样,1
2498,依据,1
2499,出发,1
2500,专利,1
2501,思维,1
2502,所在,1
2503,本届,1
2504,频多,1
2505,丰富,1
2506,采用,1
2507,小黑,1
2508,完美,1
2509,呈现,1
2510,虚拟,1
2511,现实,1
2512,相结合,1
2513,诸多,1
2514,老龄,1
2515,产业协会,1
2516,北京大学,1
2517,民营企业,1
2518,湖南,1
2519,酒泉市,1
2520,百名,1
2521,西部,1
2522,行暨,1
2523,问道,1
2524,戈壁,1
2525,挑战赛,1
2526,向上,1
2527,向善,1
2528,寻访,1
2529,名单,1
2530,纪念,1
2531,证书,1
2532,监事长,1
2533,凌云,1
2534,闭幕词,1
2535,市场主体,1
2536,政策措施,1
2537,集大成,1
2538,系统工程,1
2539,落实政策,1
2540,不单单是,1
2541,某个,1
2542,独角戏,1
2543,打破,1
2544,玻璃门,1
2545,撤掉,1
2546,弹簧门,1
2547,拆除,1
2548,旋转门,1
2549,切实落实,1
2550,成本,1
2551,门槛,1
2552,授信额度,1
2553,做实,1
2554,再加,1
2555,点力,1
2556,破解,1
2557,困扰,1
2558,多年,1
2559,给力,1
2560,一定,1
2561,生气,1
2562,勇闯,1
2563,难关,1
2564,重围,1
2565,平稳,1
2566,贡献力量,1
2567,法治,1
2568,发表文章,1
2569,发表,1
2570,一文,1
2571,揭露,1
2572,自利,1
2573,短见,1
2574,任性,1
2575,低效,1
2576,不负责任,1
2577,万多,1
2578,悲剧,1
2579,长期存在,1
2580,撕裂,1
2581,权益,1
2582,恶化,1
2583,深重,1
2584,忽视,1
2585,预警,1
2586,政治化,1
2587,暴发,1
2588,政客,1
2589,并未,1
2590,反而,1
2591,视为,1
2592,政治,1
2593,攫取,1
2594,权力,1
2595,党派,1
2596,反应,1
2597,示警,1
2598,潜在,1
2599,消耗,1
2600,推向,1
2601,边缘,1
2602,暴露无遗,1
2603,底层,1
2604,愈加,1
2605,失业率,1
2606,工薪阶层,1
2607,牺牲品,1
2608,无家可归者,1
2609,无处,1
2610,安放,1
2611,堪忧,1
2612,揭示,1
2613,愈演愈烈,1
2614,亚裔,1
2615,遭受,1
2616,拉美,1
2617,种族,1
2618,种族主义,1
2619,暴力事件,1
2620,频发,1
2621,多发,1
2622,明尼苏达州,1
2623,男子,1
2624,乔治,1
2625,弗洛伊德,1
2626,白人,1
2627,警察,1
2628,暴力,1
2629,执法,1
2630,致死,1
2631,抗议,1
2632,示威,1
2633,不满,1
2634,愤怒,1
2635,生命权,1
2636,恶意,1
2637,停缴,1
2638,世卫,1
2639,会费,1
2640,阻碍,1
2641,单边制裁,1
2642,人道精神,1
2643,全人类,1
2644,挥舞,1
2645,霸权,1
2646,大棒,1
2647,四处,1
2648,煽风点火,1
2649,试图,1
2650,转移视线,1
2651,推卸责任,1
2652,严重破坏,1
2653,背离,1
2654,人权法,1
2655,新华社,1
2656,中国乒乓球协会,1
2657,乒乓球赛,1
2658,无限期,1
2659,停摆,1
2660,不过,1
2661,赛场,1
2662,重见,1
2663,英姿,1
2664,日子,1
2665,或许,1
2666,不远,1
2667,筹划,1
2668,协会主席,1
2669,刘国梁,1
2670,接受,1
2671,竞技,1
2672,精神状态,1
2673,不错,1
2674,好转,1
2675,随时,1
2676,战斗,1
2677,几度,1
2678,变更,1
2679,行程,1
2680,最终,1
2681,澳门特别行政区,1
2682,展开,1
2683,长达,1
2684,队史,1
2685,最长,1
2686,全队,1
2687,搭乘,1
2688,澳门,1
2689,体育,1
2690,职业,1
2691,期满,1
2692,各自,1
2693,省队,1
2694,短暂,1
2695,并于,1
2696,中下旬,1
2697,集结,1
2698,后期,1
2699,缺乏,1
2700,刺激,1
2701,竞技状态,1
2702,周末,1
2703,检验,1
2704,身心,1
2705,激发,1
2706,各异,1
2707,竞技性,1
2708,趣味性,1
2709,兼具,1
2710,最受,1
2711,单打,1
2712,角逐,1
2713,樊振东,1
2714,马龙,1
2715,许昕,1
2716,牢牢,1
2717,男队,1
2718,三甲,1
2719,女队,1
2720,爆冷门,1
2721,亚军,1
2722,摘得,1
2723,陈梦仅,1
2724,第九位,1
2725,希望,1
2726,季度,1
2727,国际性,1
2728,公开赛,1
2729,透露,1
2730,第三季度,1
2731,可能性,1
2732,获得成功,1
2733,重新启动,1
2734,德甲,1
2735,决赛,1
2736,上海籍,1
2737,萨尔布吕肯,1
2738,击败,1
2739,巴西,1
2740,卡尔德拉,1
2741,领衔,1
2742,奥克,1
2743,豪森,1
2744,史上,1
2745,首个,1
2746,赛后,1
2747,队友,1
2748,高举,1
2749,奖杯,1
2750,庆祝,1
2751,高手,1
2752,大师赛,1
2753,中国男队,1
2754,波尔,1
2755,首周,1
2756,名将,1
2757,奥恰,1
2758,洛夫,1
2759,随后,1
2760,两周,1
2761,蝉联,1
2762,桂冠,1
2763,上述,1
2764,两项,1
2765,尽管,1
2766,未向,1
2767,配备,1
2768,裁判,1
2769,电视转播,1
2770,强化训练,1
2771,部长,1
2772,宫崎,1
2773,义仁,1
2774,韩等,1
2775,出售,1
2776,转播权,1
2777,获取,1
2778,收益,1
2779,所得,1
2780,奖金,1
2781,回馈,1
2782,到来,1
2783,之前,1
2784,欣赏,1
2785,无论,1
2786,渐渐,1
2787,球迷,1
2788,视野,1
2789,18,1
2790,适时,1
2791,放宽,1
2792,训练场地,1
2793,第四阶段,1
2794,主办者,1
2795,参赛者,1
2796,办赛,1
2797,给出,1
2798,球拍,1
2799,抽签,1
2800,时球,1
2801,台上,1
2802,放置,1
2803,毛巾,1
2804,擦拭,1
2805,任何,1
2806,器材,1
2807,表面,1
2808,第五,1
2809,提到,1
2810,主办方,1
2811,两次,1
2812,乘坐,1
2813,可用,1
2814,所有,1
2815,形势,1
2816,遵守,1
2817,防范措施,1
2818,改变,1
2819,生活习惯,1
2820,才能,1
2821,运动,1
2822,乃至,1
2823,逐渐,1
2824,公告,1
2825,写道,1
2826,始终,1
2827,教练员,1
2828,回归,1
2829,笑笑,1
2830,多亏,1
2831,15.5,1
2832,中悦,1
2833,环保,1
2834,何永红,1
2835,清洁,1
2836,机具,1
2837,销量,1
2838,同比增加,1
2839,10%,1
2840,常务,1
2841,建军,1
2842,3000,1
2843,渤海,1
2844,天津,1
2845,分行,1
2846,相应,1
2847,金融业务,1
2848,几百家,1
2849,民政厅,1
2850,副厅长,1
2851,陈建民,1
2852,文化娱乐,1
2853,特有,1
2854,公益性,1
2855,弥补,1
2856,层次,1
2857,设定,1
2858,餐桌,1
2859,大厅,1
2860,多少,1
2861,合理,1
2862,知道,1
2863,还好,1
2864,整理,1
2865,最近,1
2866,生意,1
2867,基本,1
2868,去年同期,1
2869,水平,1
2870,邯郸市,1
2871,五谷丰登,1
2872,生态园,1
2873,朱香秀,1
2874,金台,1
2875,月份,1
2876,反映,1
2877,保姆,1
2878,遇到,1
2879,瓶颈,1
2880,定点,1
2881,输送到,1
2882,进社区,1
2883,试点,1
2884,赵鸿宇,1
2885,一项,1
2886,微生物,1
2887,研制,1
2888,火眼,1
2889,朱岩梅,1
2890,大学校长,1
2891,季莫,1
2892,普洛斯,1
2893,大使,1
2894,卫生部长,1
2895,王石,1
2896,有望,1
2897,通量,1
2898,增强,1
2899,面前,1
2900,相互支持,1
2901,密切合作,1
2902,至上,1
2903,理念,1
2904,挚友,1
2905,相亲,1
2906,典范,1
2907,着眼,1
2908,希中,1
2909,密切,1
2910,继续加强,1
2911,互利,1
2912,一道,1
2913,卫生事业,1
2914,李晓鹏于,1
2915,帅帅,1
2916,开启,1
2917,对抗,1
2918,医务,1
2919,康复者,1
2920,及受,1
2921,1000,1
2922,35,1
2923,康复,1
2924,医务人员,1
2925,情绪,1
2926,纾解,1
2927,渡过,1
2928,环境,1
2929,资助,1
2930,经济体,1
2931,王瑞合,1
2932,答答,1
2933,星球,1
2934,淘宝,1
2935,优酷,1
2936,搜索,1
2937,答题,1
2938,问一问,1
2939,动一动,1
2940,答一答,1
2941,互动,1
2942,初期,1
2943,心理压力,1
2944,权威,1
2945,专线,1
2946,报名,1
2947,咨询服务,1
2948,环球网,1
